episode,steps,total_reward,epsilon,goal_reached,collision
1,1000,126.8043,1.0,False,False
2,437,-456.1836,0.99,False,True
3,750,-507.6713,0.9801,False,True
4,438,-515.0143,0.9703,False,True
5,650,-587.4777,0.9606,False,True
6,594,-431.449,0.95099,False,True
7,420,-567.3492,0.94148,False,True
8,1000,63.2476,0.93207,False,False
9,436,-429.1435,0.92274,False,True
10,820,-540.2988,0.91352,False,True
11,460,-543.9867,0.90438,False,True
12,343,-502.8872,0.89534,False,True
13,433,-464.324,0.88638,False,True
14,990,-510.9297,0.87752,False,True
15,744,-497.7529,0.86875,False,True
16,347,-466.4763,0.86006,False,True
17,264,-468.6852,0.85146,False,True
18,364,-476.1434,0.84294,False,True
19,1000,40.8065,0.83451,False,False
20,373,-472.4469,0.82617,False,True
21,441,-529.1517,0.81791,False,True
22,621,-387.293,0.80973,False,True
23,966,-481.9847,0.80163,False,True
24,1000,166.2864,0.79361,False,False
25,357,-451.6456,0.78568,False,True
26,687,-377.1813,0.77782,False,True
27,1000,117.0425,0.77004,False,False
28,1000,160.3684,0.76234,False,False
29,1000,-60.4241,0.75472,False,False
30,596,-534.902,0.74717,False,True
31,403,-436.286,0.7397,False,True
32,1000,147.355,0.7323,False,False
33,1000,54.284,0.72498,False,False
34,697,-524.393,0.71773,False,True
35,994,-423.2995,0.71055,False,True
36,828,-519.6394,0.70345,False,True
37,688,-470.7905,0.69641,False,True
38,375,-547.4576,0.68945,False,True
39,804,-316.565,0.68255,False,True
40,302,-463.7946,0.67573,False,True
41,305,-464.1135,0.66897,False,True
42,1000,62.0554,0.66228,False,False
43,316,-451.3503,0.65566,False,True
44,570,-365.3273,0.6491,False,True
45,426,-408.7139,0.64261,False,True
46,1000,203.9215,0.63619,False,False
47,342,-427.4302,0.62982,False,True
48,1000,125.1508,0.62353,False,False
49,791,-490.9617,0.61729,False,True
50,710,-380.3726,0.61112,False,True
51,279,-492.0745,0.60501,False,True
52,1000,110.0405,0.59896,False,False
53,456,-451.5815,0.59297,False,True
54,975,-503.7269,0.58704,False,True
55,227,-471.1667,0.58117,False,True
56,844,-431.0754,0.57535,False,True
57,699,-523.6683,0.5696,False,True
58,255,-457.5802,0.56391,False,True
59,830,-550.0686,0.55827,False,True
60,818,-389.2884,0.55268,False,True
61,1000,166.4124,0.54716,False,False
62,277,-456.1877,0.54169,False,True
63,444,-379.4107,0.53627,False,True
64,1000,170.2268,0.53091,False,False
65,329,-433.0303,0.5256,False,True
66,272,-480.5567,0.52034,False,True
67,353,-548.6836,0.51514,False,True
68,926,-391.3508,0.50999,False,True
69,260,-484.5798,0.50489,False,True
70,475,-373.3292,0.49984,False,True
71,1000,198.5298,0.49484,False,False
72,504,-357.8388,0.48989,False,True
73,634,-330.9193,0.48499,False,True
74,325,-457.372,0.48014,False,True
75,1000,215.9863,0.47534,False,False
76,276,-457.5674,0.47059,False,True
77,567,-315.135,0.46588,False,True
78,845,743.78,0.46122,True,False
79,899,739.6356,0.45661,True,False
80,331,-459.8781,0.45204,False,True
81,543,-383.3236,0.44752,False,True
82,910,-469.128,0.44305,False,True
83,438,-377.0531,0.43862,False,True
84,283,-449.944,0.43423,False,True
85,460,-372.0066,0.42989,False,True
86,976,736.0985,0.42559,True,False
87,1000,195.0812,0.42133,False,False
88,1000,178.2229,0.41712,False,False
89,571,-481.9541,0.41295,False,True
90,297,-497.0247,0.40882,False,True
91,931,-449.2271,0.40473,False,True
92,268,-454.1388,0.40068,False,True
93,560,-342.2444,0.39668,False,True
94,304,-425.1906,0.39271,False,True
95,992,-366.0547,0.38878,False,True
96,1000,226.7384,0.3849,False,False
97,880,-412.1778,0.38105,False,True
98,316,-456.8533,0.37724,False,True
99,435,-407.6608,0.37346,False,True
100,464,-375.5472,0.36973,False,True
101,295,-460.3208,0.36603,False,True
102,455,-391.3692,0.36237,False,True
103,474,-368.2782,0.35875,False,True
104,385,-544.8501,0.35516,False,True
105,1000,5.9171,0.35161,False,False
106,842,742.641,0.34809,True,False
107,449,-356.6155,0.34461,False,True
108,227,-448.8509,0.34117,False,True
109,445,-382.8494,0.33775,False,True
110,274,-446.4989,0.33438,False,True
111,435,-375.1488,0.33103,False,True
112,568,-370.2625,0.32772,False,True
113,1000,190.3927,0.32445,False,False
114,299,-430.1415,0.3212,False,True
115,222,-453.0415,0.31799,False,True
116,246,-460.5256,0.31481,False,True
117,248,-449.0804,0.31166,False,True
118,1000,214.7413,0.30854,False,False
119,1000,195.2487,0.30546,False,False
120,820,745.5644,0.3024,True,False
121,481,-389.3948,0.29938,False,True
122,888,739.2958,0.29639,True,False
123,787,749.2056,0.29342,True,False
124,536,-388.6123,0.29049,False,True
125,633,-388.1292,0.28758,False,True
126,312,-452.6712,0.28471,False,True
127,219,-445.3301,0.28186,False,True
128,551,-394.9932,0.27904,False,True
129,439,-360.6748,0.27625,False,True
130,797,746.9536,0.27349,True,False
131,488,-378.9303,0.27075,False,True
132,816,747.0346,0.26805,True,False
133,480,-378.5653,0.26537,False,True
134,1000,151.4807,0.26271,False,False
135,1000,187.5771,0.26009,False,False
136,566,-353.4189,0.25748,False,True
137,499,-375.0917,0.25491,False,True
138,879,741.8809,0.25236,True,False
139,1000,186.7248,0.24984,False,False
140,570,-385.4543,0.24734,False,True
141,457,-375.2068,0.24487,False,True
142,511,-374.9542,0.24242,False,True
143,572,-387.2758,0.23999,False,True
144,558,-379.0861,0.23759,False,True
145,305,-454.4834,0.23522,False,True
146,1000,109.2152,0.23286,False,False
147,502,-388.4196,0.23054,False,True
148,223,-450.5585,0.22823,False,True
149,412,-381.1271,0.22595,False,True
150,192,-438.3487,0.22369,False,True
151,225,-447.1278,0.22145,False,True
152,281,-453.978,0.21924,False,True
153,205,-456.331,0.21704,False,True
154,238,-455.0203,0.21487,False,True
155,431,-383.7292,0.21273,False,True
156,458,-376.6228,0.2106,False,True
157,446,-401.7339,0.20849,False,True
158,379,-337.937,0.20641,False,True
159,211,-456.9733,0.20434,False,True
160,457,-374.3631,0.2023,False,True
161,722,752.9067,0.20028,True,False
162,1000,177.7479,0.19827,False,False
163,862,-385.3602,0.19629,False,True
164,528,-388.3857,0.19433,False,True
165,248,-494.2569,0.19239,False,True
166,584,-382.1644,0.19046,False,True
167,445,-385.6706,0.18856,False,True
168,217,-485.7342,0.18667,False,True
169,217,-460.1242,0.1848,False,True
170,221,-441.4122,0.18296,False,True
171,1000,213.4694,0.18113,False,False
172,342,-464.5073,0.17932,False,True
173,823,742.9693,0.17752,True,False
174,506,-384.1409,0.17575,False,True
175,217,-432.9612,0.17399,False,True
176,394,-407.6341,0.17225,False,True
177,454,-384.6111,0.17053,False,True
178,416,-410.4148,0.16882,False,True
179,257,-500.6146,0.16713,False,True
180,1000,219.4533,0.16546,False,False
181,209,-451.1785,0.16381,False,True
182,235,-445.2932,0.16217,False,True
183,438,-372.5607,0.16055,False,True
184,586,-432.2967,0.15894,False,True
185,289,-438.0729,0.15735,False,True
186,235,-454.2487,0.15578,False,True
187,425,-418.9172,0.15422,False,True
188,188,-449.5086,0.15268,False,True
189,1000,210.7084,0.15115,False,False
190,212,-456.6048,0.14964,False,True
191,793,734.1556,0.14814,True,False
192,359,-468.0334,0.14666,False,True
193,242,-468.004,0.1452,False,True
194,422,-396.4855,0.14374,False,True
195,220,-441.0775,0.14231,False,True
196,1000,207.4901,0.14088,False,False
197,1000,202.6272,0.13948,False,False
198,881,737.6142,0.13808,True,False
199,193,-444.6128,0.1367,False,True
200,423,-383.7264,0.13533,False,True
201,500,-390.2329,0.13398,False,True
202,787,747.6913,0.13264,True,False
203,482,-348.9151,0.13131,False,True
204,287,-445.028,0.13,False,True
205,210,-445.7807,0.1287,False,True
206,446,-406.1352,0.12741,False,True
207,499,-404.707,0.12614,False,True
208,554,-408.8943,0.12488,False,True
209,1000,198.8298,0.12363,False,False
210,381,-386.7995,0.12239,False,True
211,879,-380.953,0.12117,False,True
212,231,-449.6741,0.11996,False,True
213,578,-377.7595,0.11876,False,True
214,548,-350.404,0.11757,False,True
215,187,-446.0325,0.11639,False,True
216,443,-368.2815,0.11523,False,True
217,783,747.519,0.11408,True,False
218,391,-340.6235,0.11294,False,True
219,192,-453.5227,0.11181,False,True
220,370,-371.0573,0.11069,False,True
221,833,743.1596,0.10958,True,False
222,690,755.7815,0.10849,True,False
223,194,-440.1481,0.1074,False,True
224,708,753.9477,0.10633,True,False
225,369,-365.8374,0.10526,False,True
226,772,750.4251,0.10421,True,False
227,201,-444.4409,0.10317,False,True
228,516,-350.9016,0.10214,False,True
229,936,736.9064,0.10112,True,False
230,222,-444.3279,0.10011,False,True
231,1000,216.4272,0.0991,False,False
232,183,-438.0148,0.09811,False,True
233,215,-454.7838,0.09713,False,True
234,216,-446.9448,0.09616,False,True
235,203,-450.4723,0.0952,False,True
236,952,735.6809,0.09425,True,False
237,408,-364.4324,0.09331,False,True
238,852,743.1313,0.09237,True,False
239,483,-376.033,0.09145,False,True
240,399,-359.0531,0.09053,False,True
241,1000,218.6596,0.08963,False,False
242,504,-392.4684,0.08873,False,True
243,1000,229.0817,0.08785,False,False
244,364,-370.3766,0.08697,False,True
245,1000,231.8534,0.0861,False,False
246,845,744.5998,0.08524,True,False
247,573,-505.4125,0.08438,False,True
248,854,744.8884,0.08354,True,False
249,848,744.3616,0.0827,True,False
250,808,746.4158,0.08188,True,False
251,521,-383.9829,0.08106,False,True
252,459,-343.6978,0.08025,False,True
253,244,-459.8014,0.07945,False,True
254,396,-342.6129,0.07865,False,True
255,801,748.2176,0.07786,True,False
256,710,753.526,0.07709,True,False
257,672,757.4674,0.07631,True,False
258,387,-378.215,0.07555,False,True
259,1000,172.0636,0.0748,False,False
260,1000,150.2199,0.07405,False,False
261,757,752.0274,0.07331,True,False
262,696,-393.2826,0.07257,False,True
263,1000,207.4098,0.07185,False,False
264,452,-385.8548,0.07113,False,True
265,991,-384.6908,0.07042,False,True
266,1000,198.0531,0.06972,False,False
267,1000,181.8567,0.06902,False,False
268,867,735.5997,0.06833,True,False
269,884,739.7466,0.06764,True,False
270,228,-453.1906,0.06697,False,True
271,608,-488.5999,0.0663,False,True
272,514,-394.1608,0.06564,False,True
273,766,-422.2589,0.06498,False,True
274,708,753.0572,0.06433,True,False
275,358,-376.6502,0.06369,False,True
276,1000,217.0812,0.06305,False,False
277,1000,207.2126,0.06242,False,False
278,1000,217.8861,0.06179,False,False
279,414,-378.6227,0.06118,False,True
280,461,-372.8228,0.06056,False,True
281,906,737.9678,0.05996,True,False
282,364,-367.4374,0.05936,False,True
283,819,743.6151,0.05877,True,False
284,910,732.6883,0.05818,True,False
285,698,753.1267,0.0576,True,False
286,696,-356.7868,0.05702,False,True
287,695,755.3052,0.05645,True,False
288,685,754.4788,0.05589,True,False
289,780,745.4053,0.05533,True,False
290,248,-451.1822,0.05477,False,True
291,294,-450.5272,0.05423,False,True
292,400,-381.5492,0.05368,False,True
293,734,751.7625,0.05315,True,False
294,610,-361.673,0.05262,False,True
295,830,727.6297,0.05209,True,False
296,396,-412.5376,0.05157,False,True
297,560,764.598,0.05105,True,False
298,412,-334.0384,0.05054,False,True
299,223,-443.7087,0.05004,False,True
300,450,-379.7082,0.05,False,True
